species,day,fraction_of_SS_trough
mouse,1,0.010602888634928241
mouse,2,0.02242345107204826
mouse,3,0.03430689708673496
mouse,4,0.04607725242207664
mouse,5,0.05770896552742394
mouse,6,0.06919958764309019
mouse,7,0.08055020304160714
mouse,8,0.09176242123576381
mouse,9,0.10283791487668378
mouse,10,0.11377834894001576
mouse,11,0.12458537005328832
mouse,12,0.13526060506480742
mouse,13,0.1458056610304917
mouse,14,0.1562221254161334
mouse,15,0.16651156633028039
mouse,16,0.1766755327593642
mouse,17,0.18671555480074248
mouse,18,0.1966331438930198
mouse,19,0.20642979304357828
mouse,20,0.21610697705333637
mouse,21,0.22566615273876756
mouse,22,0.23510875915121116
mouse,23,0.24443621779350921
mouse,24,0.2536499328340016
mouse,25,0.2627512913179112
mouse,26,0.27174166337615163
mouse,27,0.2806224024315889
mouse,28,0.28939484540278726
mouse,29,0.29806031290527063
mouse,30,0.30662010945033014
mouse,31,0.31507552364140695
mouse,32,0.3234278283680804
mouse,33,0.33167828099769037
mouse,34,0.33982812356462333
mouse,35,0.34787858295728963
mouse,36,0.3558308711028211
mouse,37,0.36368618514951634
mouse,38,0.37144570764706075
mouse,39,0.3791106067245493
mouse,40,0.3866820362663385
mouse,41,0.3941611360857534
mouse,42,0.4015490320966768
mouse,43,0.40884683648304576
mouse,44,0.4160556478662816
mouse,45,0.4231765514706772
mouse,46,0.43021061928676907
mouse,47,0.4371589102327154
mouse,48,0.4440224703137076
mouse,49,0.4508023327794371
mouse,50,0.4574995182796422
mouse,51,0.46411503501775814
mouse,52,0.47064987890269333
mouse,53,0.477105033698755
mouse,54,0.48348147117374624
mouse,55,0.4897801512452572
mouse,56,0.49600202212517264
mouse,57,0.5021480204624169
mouse,58,0.5082190714839583
mouse,59,0.5142160891340939
mouse,60,0.5201399762120363
mouse,61,0.5259916245078223
mouse,62,0.5317719149365635
mouse,63,0.537481717671061
mouse,64,0.5431218922728026
mouse,65,0.5486932878213618
mouse,66,0.5541967430422198
mouse,67,0.5596330864330281
mouse,68,0.565003136388332
mouse,69,0.5703077013227725
mouse,70,0.5755475797927865
mouse,71,0.5807235606168222
mouse,72,0.5858364229940888
mouse,73,0.590886936621859
mouse,74,0.5958758618113394
mouse,75,0.6008039496021295
mouse,76,0.6056719418752832
mouse,77,0.6104805714649939
mouse,78,0.6152305622689155
mouse,79,0.6199226293571389
mouse,80,0.6245574790798403
mouse,81,0.6291358091736153
mouse,82,0.6336583088665177
mouse,83,0.638125658981817
mouse,84,0.642538532040489
mouse,85,0.6468975923624606
mouse,86,0.6512034961666149
mouse,87,0.6554568916695805
mouse,88,0.6596584191833151
mouse,89,0.6638087112114984
mouse,90,0.6679083925447503
mouse,91,0.6719580803546876
mouse,92,0.675958384286834
mouse,93,0.6799099065523969
mouse,94,0.6838132420189251
mouse,95,0.6876689782998611
mouse,96,0.6914776958430008
mouse,97,0.6952399680178757
mouse,98,0.6989563612020678
mouse,99,0.7026274348664736
mouse,100,0.706253741659527
mouse,101,0.7098358274903964
mouse,102,0.7133742316111661
mouse,103,0.7168694866980162
mouse,104,0.7203221189314123
mouse,105,0.7237326480753178
mouse,106,0.7271015875554394
mouse,107,0.7304294445365193
mouse,108,0.733716719998684
mouse,109,0.7369639088128631
mouse,110,0.7401714998152875
mouse,111,0.7433399758810794
mouse,112,0.7464698139969452
mouse,113,0.7495614853329817
mouse,114,0.7526154553136066
mouse,115,0.7556321836876242
mouse,116,0.7586121245974365
mouse,117,0.7615557266474104
mouse,118,0.7644634329714117
mouse,119,0.767335681299514
mouse,120,0.7701729040238965
mouse,121,0.7729755282639358
mouse,122,0.7757439759305059
mouse,123,0.7784786637894925
mouse,124,0.7811800035245341
mouse,125,0.783848401798997
mouse,126,0.7864842603171952
mouse,127,0.7890879758848636
mouse,128,0.7916599404688927
mouse,129,0.7942005412563379
mouse,130,0.7967101607127051
mouse,131,0.7991891766395283
mouse,132,0.8016379622312448
mouse,133,0.8040568861313759
mouse,134,0.8064463124880232
mouse,135,0.8088066010086878
mouse,136,0.8111381070144212
mouse,137,0.8134411814933161
mouse,138,0.8157161711533443
mouse,139,0.8179634184745505
mouse,140,0.8201832617606101
mouse,141,0.8223760351897574
mouse,142,0.8245420688650941
mouse,143,0.8266816888642823
mouse,144,0.8287952172886338
mouse,145,0.8308829723115987
mouse,146,0.8329452682266644
mouse,147,0.8349824154946693
mouse,148,0.8369947207905404
mouse,149,0.8389824870494601
mouse,150,0.8409460135124711
mouse,151,0.8428855957715237
mouse,152,0.8448015258139754
mouse,153,0.8466940920665468
mouse,154,0.8485635794387416
mouse,155,0.8504102693657374
mouse,156,0.8522344398507533
mouse,157,0.854036365506901
mouse,158,0.8558163175985253
mouse,159,0.8575745640820405
mouse,160,0.8593113696462693
mouse,161,0.8610269957522889
mouse,162,0.8627217006727924
mouse,163,0.8643957395309687
mouse,164,0.8660493643389097
mouse,165,0.8676828240355482
mouse,166,0.8692963645241341
mouse,167,0.8708902287092519
mouse,168,0.8724646565333889
mouse,169,0.8740198850130563
mouse,170,0.8755561482744694
mouse,171,0.8770736775887941
mouse,172,0.878572701406962
mouse,173,0.8800534453940623
mouse,174,0.8815161324633135
mouse,175,0.882960982809621
mouse,176,0.8843882139427258
mouse,177,0.8857980407199482
mouse,178,0.8871906753785331
mouse,179,0.8885663275676009
mouse,180,0.889925204379707
mouse,181,0.8912675103820197
mouse,182,0.8925934476471142
mouse,183,0.8939032157833942
mouse,184,0.8951970119651403
mouse,185,0.8964750309621936
mouse,186,0.8977374651692761
mouse,187,0.8989845046349544
mouse,188,0.9002163370902498
mouse,189,0.9014331479768994
mouse,190,0.9026351204752728
mouse,191,0.9038224355319487
mouse,192,0.9049952718869543
mouse,193,0.9061538061006731
mouse,194,0.9072982125804252
mouse,195,0.9084286636067224
mouse,196,0.9095453293592028
mouse,197,0.9106483779422517
mouse,198,0.9117379754103062
mouse,199,0.9128142857928546
mouse,200,0.9138774711191292
mouse,201,0.9149276914424984
mouse,202,0.9159651048645614
mouse,203,0.916989867558949
mouse,204,0.9180021337948343
mouse,205,0.9190020559601564
mouse,206,0.9199897845845612
mouse,207,0.9209654683620623
mouse,208,0.9219292541734257
mouse,209,0.9228812871082815
mouse,210,0.9238217104869654
mouse,211,0.924750665882095
mouse,212,0.9256682931398817
mouse,213,0.9265747304011842
mouse,214,0.9274701141223034
mouse,215,0.928354579095525
mouse,216,0.9292282584694123
mouse,217,0.9300912837688489
mouse,218,0.9309437849148401
mouse,219,0.9317858902440707
mouse,220,0.9326177265282247
mouse,221,0.9334394189930706
mouse,222,0.9342510913373121
mouse,223,0.9350528657512104
mouse,224,0.9358448629349787
mouse,225,0.936627202116953
mouse,226,0.9374000010715403
mouse,227,0.9381633761369486
mouse,228,0.9389174422327008
mouse,229,0.9396623128769352
mouse,230,0.940398100203494
mouse,231,0.9411249149788043
mouse,232,0.9418428666185532
mouse,233,0.9425520632041594
mouse,234,0.9432526114990437
mouse,235,0.9439446169647013
mouse,236,0.9446281837765786
mouse,237,0.9453034148397554
mouse,238,0.9459704118044364
mouse,239,0.9466292750812536
mouse,240,0.9472801038563833
mouse,241,0.9479229961064765
mouse,242,0.9485580486134089
mouse,243,0.9491853569788505
mouse,244,0.9498050156386583
mouse,245,0.9504171178770912
mouse,246,0.9510217558408548
mouse,247,0.9516190205529724
mouse,248,0.952209001926488
mouse,249,0.9527917887780021
mouse,250,0.9533674688410414
mouse,251,0.9539361287792676
mouse,252,0.954497854199523
mouse,253,0.9550527296647184
mouse,254,0.9556008387065624
mouse,255,0.9561422638381377
mouse,256,0.9566770865663216
mouse,257,0.9572053874040564
mouse,258,0.9577272458824708
mouse,259,0.9582427405628513
mouse,260,0.9587519490484703
mouse,261,0.9592549479962668
mouse,262,0.9597518131283884
mouse,263,0.9602426192435897
mouse,264,0.9607274402284921
mouse,265,0.9612063490687076
mouse,266,0.961679417859826
mouse,267,0.9621467178182679
mouse,268,0.9626083192920062
mouse,269,0.9630642917711562
mouse,270,0.9635147038984361
mouse,271,0.9639596234795018
mouse,272,0.9643991174931538
mouse,273,0.9648332521014197
mouse,274,0.9652620926595155
mouse,275,0.9656857037256832
mouse,276,0.9661041490709105
mouse,277,0.9665174916885297
mouse,278,0.9669257938037026
mouse,279,0.9673291168827857
mouse,280,0.9677275216425852
mouse,281,0.968121068059497
mouse,282,0.968509815378535
mouse,283,0.9688938221222507
mouse,284,0.9692731460995427
mouse,285,0.9696478444143598
mouse,286,0.9700179734742971
mouse,287,0.9703835889990878
mouse,288,0.9707447460289916
mouse,289,0.97110149893308
mouse,290,0.9714539014174213
mouse,291,0.9718020065331663
mouse,292,0.9721458666845334
mouse,293,0.9724855336366988
mouse,294,0.9728210585235882
mouse,295,0.9731524918555757
mouse,296,0.9734798835270871
mouse,297,0.9738032828241109
mouse,298,0.9741227384316177
mouse,299,0.9744382984408906
mouse,300,0.9747500103567636
mouse,301,0.9750579211047732
mouse,302,0.9753620770382234
mouse,303,0.975662523945163
mouse,304,0.9759593070552786
mouse,305,0.9762524710467047
mouse,306,0.9765420600527481
mouse,307,0.9768281176685324
mouse,308,0.9771106869575611
mouse,309,0.9773898104582003
mouse,310,0.9776655301900823
mouse,311,0.9779378876604313
mouse,312,0.978206923870312
mouse,313,0.9784726793208026
mouse,314,0.9787351940190908
mouse,315,0.9789945074844972
mouse,316,0.9792506587544243
mouse,317,0.9795036863902332
mouse,318,0.9797536284830497
mouse,319,0.9800005226594967
mouse,320,0.9802444060873604
mouse,321,0.9804853154811844
mouse,322,0.9807232871077974
mouse,323,0.9809583567917722
mouse,324,0.9811905599208197
mouse,325,0.9814199314511156
mouse,326,0.9816465059125625
mouse,327,0.9818703174139889
mouse,328,0.9820913996482832
mouse,329,0.9823097858974665
mouse,330,0.9825255090377023
mouse,331,0.9827386015442462
mouse,332,0.9829490954963349
mouse,333,0.9831570225820145
mouse,334,0.9833624141029124
mouse,335,0.9835653009789479
mouse,336,0.9837657137529879
mouse,337,0.9839636825954449
mouse,338,0.9841592373088178
mouse,339,0.9843524073321803
mouse,340,0.9845432217456106
mouse,341,0.984731709274571
mouse,342,0.9849178982942307
mouse,343,0.9851018168337389
mouse,344,0.985283492580443
mouse,345,0.9854629528840578
mouse,346,0.985640224760782
mouse,347,0.9858153348973654
mouse,348,0.9859883096551267
mouse,349,0.986159175073922
mouse,350,0.9863279568760643
mouse,351,0.9864946804701961
mouse,352,0.9866593709551145
mouse,353,0.9868220531235498
mouse,354,0.9869827514658973
mouse,355,0.9871414901739044
mouse,356,0.9872982931443128
mouse,357,0.9874531839824555
mouse,358,0.9876061860058102
mouse,359,0.9877573222475102
mouse,360,0.9879066154598114
mouse,361,0.9880540881175173
mouse,362,0.9881997624213631
mouse,363,0.9883436603013571
mouse,364,0.9884858034200821
mouse,365,0.988626213175957
mouse,366,0.9887649107064581
mouse,367,0.9889019168913004
mouse,368,0.989037252355582
mouse,369,0.9891709374728882
mouse,370,0.9893029923683585
mouse,371,0.9894334369217171
mouse,372,0.989562290770265
mouse,373,0.9896895733118362
mouse,374,0.9898153037077179
mouse,375,0.9899395008855352
mouse,376,0.9900621835421007
mouse,377,0.9901833701462289
mouse,378,0.990303078941516
mouse,379,0.9904213279490878
mouse,380,0.9905381349703105
mouse,381,0.990653517589473
mouse,382,0.9907674931764314
mouse,383,0.9908800788892265
mouse,384,0.9909912916766647
mouse,385,0.9911011482808705
mouse,386,0.991209665239807
mouse,387,0.9913168588897652
mouse,388,0.9914227453678233
mouse,389,0.9915273406142759
mouse,390,0.9916306603750343
mouse,391,0.9917327202039958
mouse,392,0.9918335354653863
mouse,393,0.9919331213360728
mouse,394,0.992031492807848
mouse,395,0.9921286646896873
mouse,396,0.9922246516099783
mouse,397,0.9923194680187227
mouse,398,0.9924131281897122
mouse,399,0.9925056462226763
mouse,400,0.9925970360454062
mouse,401,0.99268731141585
mouse,402,0.9927764859241852
mouse,403,0.992864572994864
mouse,404,0.992951585888634
mouse,405,0.9930375377045346
mouse,406,0.9931224413818699
mouse,407,0.9932063097021546
mouse,408,0.9932891552910404
mouse,409,0.9933709906202152
mouse,410,0.9934518280092806
mouse,411,0.9935316796276078
mouse,412,0.9936105574961682
mouse,413,0.9936884734893435
mouse,414,0.9937654393367136
mouse,415,0.9938414666248221
mouse,416,0.9939165667989206
mouse,417,0.9939907511646918
mouse,418,0.994064030889951
mouse,419,0.9941364170063282
mouse,420,0.9942079204109278
mouse,421,0.99427855186797
mouse,422,0.9943483220104107
mouse,423,0.9944172413415419
mouse,424,0.994485320236574
mouse,425,0.9945525689441965
mouse,426,0.9946189975881218
mouse,427,0.9946846161686079
mouse,428,0.9947494345639659
mouse,429,0.9948134625320455
mouse,430,0.9948767097117038
mouse,431,0.9949391856242578
mouse,432,0.9950008996749165
mouse,433,0.995061861154197
mouse,434,0.9951220792393238
mouse,435,0.9951815629956094
mouse,436,0.9952403213778196
mouse,437,0.9952983632315212
mouse,438,0.9953556972944141
mouse,439,0.9954123321976464
mouse,440,0.9954682764671134
mouse,441,0.995523538524742
mouse,442,0.9955781266897573
mouse,443,0.9956320491799364
mouse,444,0.9956853141128446
mouse,445,0.995737929507057
mouse,446,0.9957899032833673
mouse,447,0.9958412432659783
mouse,448,0.9958919571836811
mouse,449,0.995942052671018
mouse,450,0.9959915372694318
mouse,451,0.9960404184284016
mouse,452,0.9960887035065638
mouse,453,0.9961363997728196
mouse,454,0.9961835144074302
mouse,455,0.9962300545030968
mouse,456,0.9962760270660287
mouse,457,0.9963214390169985
mouse,458,0.9963662971923831
mouse,459,0.9964106083451933
mouse,460,0.9964543791460906
mouse,461,0.9964976161843908
mouse,462,0.9965403259690566
mouse,463,0.9965825149296776
mouse,464,0.9966241894174371
mouse,465,0.9966653557060694
mouse,466,0.9967060199928038
mouse,467,0.9967461883992972
mouse,468,0.9967858669725564
mouse,469,0.9968250616858481
mouse,470,0.9968637784395975
mouse,471,0.9969020230622778
mouse,472,0.9969398013112865
mouse,473,0.9969771188738127
mouse,474,0.9970139813676934
mouse,475,0.9970503943422584
mouse,476,0.9970863632791664
mouse,477,0.9971218935932304
mouse,478,0.9971569906332325
mouse,479,0.9971916596827287
mouse,480,0.997225905960845
mouse,481,0.9972597346230628
mouse,482,0.9972931507619952
mouse,483,0.9973261594081531
mouse,484,0.9973587655307031
mouse,485,0.9973909740382154
mouse,486,0.9974227897794026
mouse,487,0.9974542175438498
mouse,488,0.9974852620627356
mouse,489,0.997515928009544
mouse,490,0.9975462200007684
mouse,491,0.9975761425966067
mouse,492,0.997605700301647
mouse,493,0.9976348975655467
mouse,494,0.9976637387837017
mouse,495,0.9976922282979082
mouse,496,0.9977203703970167
mouse,497,0.9977481693175768
mouse,498,0.9977756292444763
mouse,499,0.9978027543115698
mouse,500,0.9978295486023019
mouse,501,0.9978560161503218
mouse,502,0.9978821609400901
mouse,503,0.9979079869074791
mouse,504,0.9979334979403653
mouse,505,0.9979586978792143
mouse,506,0.9979835905176592
mouse,507,0.9980081796030715
mouse,508,0.9980324688371262
mouse,509,0.9980564618763571
mouse,510,0.9980801623327094
mouse,511,0.9981035737740821
mouse,512,0.9981266997248653
mouse,513,0.9981495436664712
mouse,514,0.9981721090378582
mouse,515,0.9981943992360478
mouse,516,0.9982164176166369
mouse,517,0.9982381674943024
mouse,518,0.9982596521433008
mouse,519,0.9982808747979602
mouse,520,0.9983018386531681
mouse,521,0.9983225468648518
mouse,522,0.9983430025504538
mouse,523,0.9983632087894008
mouse,524,0.9983831686235675
mouse,525,0.9984028850577347
mouse,526,0.9984223610600411
mouse,527,0.998441599562431
mouse,528,0.9984606034610943
mouse,529,0.9984793756169039
mouse,530,0.998497918855846
mouse,531,0.998516235969445
mouse,532,0.9985343297151841
mouse,533,0.9985522028169204
mouse,534,0.9985698579652948
mouse,535,0.9985872978181378
mouse,536,0.9986045250008683
mouse,537,0.9986215421068902
mouse,538,0.9986383516979819
mouse,539,0.9986549563046818
mouse,540,0.9986713584266701
mouse,541,0.9986875605331446
mouse,542,0.9987035650631926
mouse,543,0.9987193744261578
mouse,544,0.9987349910020032
mouse,545,0.9987504171416696
mouse,546,0.998765655167429
mouse,547,0.9987807073732347
mouse,548,0.9987955760250661
mouse,549,0.9988102633612702
mouse,550,0.9988247715928988
mouse,551,0.9988391029040411
mouse,552,0.9988532594521518
mouse,553,0.998867243368377
mouse,554,0.9988810567578746
mouse,555,0.9988947017001313
mouse,556,0.9989081802492751
mouse,557,0.9989214944343852
mouse,558,0.9989346462597969
mouse,559,0.9989476377054045
mouse,560,0.9989604707269576
mouse,561,0.9989731472563568
mouse,562,0.9989856692019439
mouse,563,0.99899803844879
mouse,564,0.9990102568589783
mouse,565,0.9990223262718847
mouse,566,0.9990342485044554
mouse,567,0.9990460253514793
mouse,568,0.9990576585858592
mouse,569,0.9990691499588779
mouse,570,0.9990805012004623
mouse,571,0.999091714019444
mouse,572,0.9991027901038159
mouse,573,0.999113731120987
mouse,574,0.9991245387180329
mouse,575,0.9991352145219438
mouse,576,0.9991457601398698
mouse,577,0.9991561771593629
mouse,578,0.999166467148615
mouse,579,0.9991766316566955
mouse,580,0.9991866722137832
mouse,581,0.9991965903313972
mouse,582,0.9992063875026244
mouse,583,0.9992160652023442
mouse,584,0.9992256248874509
mouse,585,0.9992350679970724
mouse,586,0.9992443959527875
mouse,587,0.9992536101588393
mouse,588,0.9992627120023467
mouse,589,0.999271702853514
mouse,590,0.9992805840658359
mouse,591,0.9992893569763022
mouse,592,0.999298022905599
mouse,593,0.9993065831583071
mouse,594,0.9993150390230986
mouse,595,0.9993233917729307
mouse,596,0.9993316426652381
mouse,597,0.9993397929421212
mouse,598,0.9993478438305335
mouse,599,0.9993557965424672
mouse,600,0.9993636522751341
mouse,601,0.9993714122111471
mouse,602,0.9993790775186973
mouse,603,0.9993866493517307
mouse,604,0.9993941288501212
mouse,605,0.9994015171398432
mouse,606,0.9994088153331393
mouse,607,0.9994160245286899
mouse,608,0.9994231458117767
mouse,609,0.9994301802544477
mouse,610,0.9994371289156774
mouse,611,0.9994439928415267
mouse,612,0.9994507730653005
mouse,613,0.9994574706077026
mouse,614,0.9994640864769906
mouse,615,0.999470621669126
mouse,616,0.9994770771679261
mouse,617,0.9994834539452099
mouse,618,0.9994897529609466
mouse,619,0.9994959751633983
mouse,620,0.9995021214892641
mouse,621,0.9995081928638201
mouse,622,0.9995141902010592
mouse,623,0.999520114403829
mouse,624,0.9995259663639671
mouse,625,0.9995317469624352
mouse,626,0.9995374570694527
mouse,627,0.999543097544627
mouse,628,0.9995486692370826
mouse,629,0.9995541729855899
mouse,630,0.9995596096186906
mouse,631,0.9995649799548231
mouse,632,0.9995702848024449
mouse,633,0.9995755249601549
mouse,634,0.9995807012168139
mouse,635,0.9995858143516624
mouse,636,0.9995908651344388
mouse,637,0.9995958543254947
mouse,638,0.9996007826759098
mouse,639,0.9996056509276048
mouse,640,0.9996104598134529
mouse,641,0.9996152100573902
mouse,642,0.9996199023745248
mouse,643,0.9996245374712449
mouse,644,0.999629116045324
mouse,645,0.999633638786027
mouse,646,0.9996381063742135
mouse,647,0.9996425194824401
mouse,648,0.9996468787750621
mouse,649,0.9996511849083337
mouse,650,0.9996554385305059
mouse,651,0.9996596402819246
mouse,652,0.9996637907951275
mouse,653,0.9996678906949383
mouse,654,0.9996719405985616
mouse,655,0.9996759411156751
mouse,656,0.9996798928485227
mouse,657,0.999683796392003
mouse,658,0.9996876523337613
mouse,659,0.9996914612542761
mouse,660,0.9996952237269475
mouse,661,0.9996989403181833
mouse,662,0.9997026115874842
mouse,663,0.999706238087528
mouse,664,0.999709820364253
mouse,665,0.9997133589569401
mouse,666,0.9997168543982938
mouse,667,0.9997203072145227
mouse,668,0.9997237179254183
mouse,669,0.9997270870444336
mouse,670,0.9997304150787606
mouse,671,0.9997337025294061
mouse,672,0.9997369498912673
mouse,673,0.9997401576532066
mouse,674,0.9997433262981247
mouse,675,0.9997464563030339
mouse,676,0.9997495481391294
mouse,677,0.9997526022718601
mouse,678,0.9997556191609996
mouse,679,0.9997585992607146
mouse,680,0.9997615430196329
mouse,681,0.9997644508809125
mouse,682,0.9997673232823066
mouse,683,0.9997701606562304
mouse,684,0.9997729634298259
mouse,685,0.9997757320250268
mouse,686,0.9997784668586209
mouse,687,0.9997811683423139
mouse,688,0.9997838368827908
mouse,689,0.9997864728817775
mouse,690,0.9997890767361006
mouse,691,0.9997916488377481
mouse,692,0.9997941895739275
mouse,693,0.9997966993271248
mouse,694,0.9997991784751618
mouse,695,0.9998016273912524
mouse,696,0.9998040464440602
mouse,697,0.9998064359977525
mouse,698,0.9998087964120562
mouse,699,0.999811128042311
mouse,700,0.9998134312395239
mouse,701,0.9998157063504213
mouse,702,0.9998179537175014
mouse,703,0.9998201736790859
mouse,704,0.999822366569371
mouse,705,0.999824532718477
mouse,706,0.9998266724524995
mouse,707,0.9998287860935565
mouse,708,0.9998308739598388
mouse,709,0.9998329363656564
mouse,710,0.9998349736214868
mouse,711,0.999836986034021
mouse,712,0.9998389739062107
mouse,713,0.9998409375373125
mouse,714,0.9998428772229344
mouse,715,0.9998447932550792
mouse,716,0.9998466859221892
mouse,717,0.9998485555091888
mouse,718,0.9998504022975284
mouse,719,0.9998522265652259
mouse,720,0.999854028586909
mouse,721,0.9998558086338567
mouse,722,0.9998575669740395
mouse,723,0.9998593038721604
mouse,724,0.9998610195896945
mouse,725,0.9998627143849281
mouse,726,0.999864388512998
mouse,727,0.9998660422259297
mouse,728,0.9998676757726755
mouse,729,0.9998692893991519
mouse,730,0.999870883348276
mouse,731,0.9998724578600036
mouse,732,0.9998740131713633
mouse,733,0.9998755495164943
mouse,734,0.9998770671266797
mouse,735,0.9998785662303828
mouse,736,0.9998800470532807
mouse,737,0.9998815098182985
mouse,738,0.9998829547456427
mouse,739,0.9998843820528348
mouse,740,0.9998857919547436
mouse,741,0.9998871846636175
mouse,742,0.9998885603891169
mouse,743,0.9998899193383454
mouse,744,0.9998912617158809
mouse,745,0.999892587723807
mouse,746,0.9998938975617426
mouse,747,0.9998951914268726
mouse,748,0.9998964695139769
mouse,749,0.9998977320154608
mouse,750,0.9998989791213829
mouse,751,0.9999002110194841
mouse,752,0.9999014278952164
mouse,753,0.9999026299317695
mouse,754,0.9999038173100998
mouse,755,0.9999049902089568
mouse,756,0.9999061488049104
mouse,757,0.999907293272377
mouse,758,0.9999084237836467
mouse,759,0.9999095405089079
mouse,760,0.9999106436162739
mouse,761,0.9999117332718082
mouse,762,0.9999128096395488
mouse,763,0.9999138728815335
mouse,764,0.9999149231578245
mouse,765,0.9999159606265317
mouse,766,0.9999169854438372
mouse,767,0.999917997764018
mouse,768,0.9999189977394706
mouse,769,0.9999199855207324
mouse,770,0.9999209612565052
mouse,771,0.999921925093678
mouse,772,0.9999228771773481
mouse,773,0.9999238176508433
mouse,774,0.9999247466557436
mouse,775,0.999925664331903
mouse,776,0.9999265708174695
mouse,777,0.9999274662489068
mouse,778,0.9999283507610144
mouse,779,0.9999292244869479
mouse,780,0.9999300875582391
mouse,781,0.999930940104816
mouse,782,0.9999317822550221
mouse,783,0.9999326141356359
mouse,784,0.99993343587189
mouse,785,0.9999342475874893
mouse,786,0.9999350494046308
mouse,787,0.9999358414440214
mouse,788,0.9999366238248952
mouse,789,0.9999373966650333
mouse,790,0.9999381600807802
mouse,791,0.999938914187061
mouse,792,0.9999396590974005
mouse,793,0.999940394923938
mouse,794,0.9999411217774464
mouse,795,0.9999418397673469
mouse,796,0.9999425490017266
mouse,797,0.9999432495873547
mouse,798,0.9999439416296982
mouse,799,0.9999446252329384
mouse,800,0.9999453004999854
mouse,801,0.9999459675324954
mouse,802,0.9999466264308838
mouse,803,0.9999472772943425
mouse,804,0.9999479202208531
mouse,805,0.9999485553072028
mouse,806,0.9999491826489982
mouse,807,0.9999498023406805
mouse,808,0.9999504144755387
mouse,809,0.9999510191457243
mouse,810,0.9999516164422655
mouse,811,0.9999522064550799
mouse,812,0.9999527892729887
mouse,813,0.9999533649837304
mouse,814,0.9999539336739733
mouse,815,0.9999544954293287
mouse,816,0.9999550503343638
mouse,817,0.9999555984726153
mouse,818,0.9999561399266
mouse,819,0.9999566747778297
mouse,820,0.9999572031068212
mouse,821,0.9999577249931101
mouse,822,0.999958240515262
mouse,823,0.999958749750884
mouse,824,0.9999592527766373
mouse,825,0.999959749668248
mouse,826,0.9999602405005189
mouse,827,0.9999607253473405
mouse,828,0.9999612042817024
mouse,829,0.999961677375704
mouse,830,0.9999621447005654
mouse,831,0.9999626063266385
mouse,832,0.999963062323417
mouse,833,0.9999635127595473
mouse,834,0.9999639577028387
mouse,835,0.9999643972202735
mouse,836,0.9999648313780174
mouse,837,0.9999652602414288
mouse,838,0.9999656838750699
mouse,839,0.9999661023427145
mouse,840,0.99996651570736
mouse,841,0.9999669240312341
mouse,842,0.9999673273758067
mouse,843,0.999967725801798
mouse,844,0.9999681193691875
mouse,845,0.9999685081372235
mouse,846,0.9999688921644315
mouse,847,0.9999692715086235
mouse,848,0.9999696462269064
mouse,849,0.9999700163756909
mouse,850,0.9999703820106999
mouse,851,0.9999707431869764
mouse,852,0.9999710999588923
mouse,853,0.9999714523801568
mouse,854,0.9999718005038235
mouse,855,0.9999721443822996
mouse,856,0.9999724840673531
mouse,857,0.9999728196101205
mouse,858,0.9999731510611151
mouse,859,0.9999734784702337
mouse,860,0.999973801886765
mouse,861,0.9999741213593967
mouse,862,0.9999744369362227
mouse,863,0.9999747486647501
mouse,864,0.999975056591907
mouse,865,0.9999753607640494
mouse,866,0.9999756612269676
mouse,867,0.9999759580258938
mouse,868,0.9999762512055084
mouse,869,0.9999765408099469
mouse,870,0.9999768268828071
mouse,871,0.9999771094671546
mouse,872,0.9999773886055301
mouse,873,0.9999776643399555
mouse,874,0.9999779367119401
mouse,875,0.9999782057624873
mouse,876,0.9999784715321002
mouse,877,0.9999787340607883
mouse,878,0.9999789933880728
mouse,879,0.9999792495529933
mouse,880,0.9999795025941135
mouse,881,0.9999797525495261
mouse,882,0.9999799994568599
mouse,883,0.9999802433532846
mouse,884,0.9999804842755169
mouse,885,0.9999807222598253
mouse,886,0.9999809573420365
mouse,887,0.99998118955754
mouse,888,0.9999814189412938
mouse,889,0.9999816455278298
mouse,890,0.9999818693512584
mouse,891,0.9999820904452743
mouse,892,0.9999823088431616
mouse,893,0.9999825245777981
mouse,894,0.9999827376816606
mouse,895,0.9999829481868302
mouse,896,0.9999831561249966
mouse,897,0.9999833615274629
mouse,898,0.9999835644251511
mouse,899,0.9999837648486053
mouse,900,0.9999839628279978
mouse,901,0.9999841583931325
mouse,902,0.9999843515734502
mouse,903,0.9999845423980324
mouse,904,0.999984730895606
mouse,905,0.9999849170945481
mouse,906,0.9999851010228888
mouse,907,0.9999852827083173
mouse,908,0.9999854621781847
mouse,909,0.9999856394595085
mouse,910,0.9999858145789768
mouse,911,0.9999859875629526
mouse,912,0.9999861584374771
mouse,913,0.9999863272282739
mouse,914,0.999986493960753
mouse,915,0.9999866586600145
mouse,916,0.9999868213508525
mouse,917,0.9999869820577586
mouse,918,0.9999871408049261
mouse,919,0.9999872976162527
mouse,920,0.9999874525153452
mouse,921,0.9999876055255222
mouse,922,0.9999877566698181
mouse,923,0.9999879059709864
mouse,924,0.999988053451503
mouse,925,0.9999881991335701
mouse,926,0.9999883430391185
mouse,927,0.9999884851898122
mouse,928,0.9999886256070508
mouse,929,0.9999887643119728
mouse,930,0.9999889013254589
mouse,931,0.9999890366681353
mouse,932,0.9999891703603768
mouse,933,0.9999893024223097
mouse,934,0.9999894328738145
mouse,935,0.9999895617345297
mouse,936,0.9999896890238544
mouse,937,0.9999898147609506
mouse,938,0.9999899389647471
mouse,939,0.9999900616539416
mouse,940,0.9999901828470038
mouse,941,0.9999903025621786
mouse,942,0.9999904208174878
mouse,943,0.9999905376307339
mouse,944,0.9999906530195019
mouse,945,0.9999907670011627
mouse,946,0.9999908795928755
mouse,947,0.9999909908115896
mouse,948,0.9999911006740481
mouse,949,0.9999912091967901
mouse,950,0.9999913163961526
mouse,951,0.9999914222882735
mouse,952,0.999991526889094
mouse,953,0.9999916302143607
mouse,954,0.9999917322796287
mouse,955,0.9999918331002626
mouse,956,0.9999919326914404
mouse,957,0.9999920310681545
mouse,958,0.9999921282452147
mouse,959,0.9999922242372501
mouse,960,0.9999923190587118
mouse,961,0.9999924127238742
mouse,962,0.9999925052468375
mouse,963,0.9999925966415305
mouse,964,0.9999926869217118
mouse,965,0.9999927761009725
mouse,966,0.9999928641927376
mouse,967,0.9999929512102684
mouse,968,0.9999930371666649
mouse,969,0.9999931220748668
mouse,970,0.9999932059476566
mouse,971,0.9999932887976606
mouse,972,0.9999933706373508
mouse,973,0.999993451479048
mouse,974,0.9999935313349217
mouse,975,0.9999936102169938
mouse,976,0.9999936881371394
mouse,977,0.9999937651070884
mouse,978,0.9999938411384279
mouse,979,0.9999939162426043
mouse,980,0.9999939904309233
mouse,981,0.9999940637145537
mouse,982,0.9999941361045276
mouse,983,0.9999942076117426
mouse,984,0.9999942782469637
mouse,985,0.9999943480208242
mouse,986,0.9999944169438282
mouse,987,0.9999944850263514
mouse,988,0.9999945522786428
mouse,989,0.9999946187108266
mouse,990,0.999994684332904
mouse,991,0.9999947491547535
mouse,992,0.9999948131861337
mouse,993,0.9999948764366839
mouse,994,0.9999949389159261
mouse,995,0.9999950006332655
mouse,996,0.9999950615979936
mouse,997,0.9999951218192877
mouse,998,0.9999951813062139
mouse,999,0.9999952400677276
mouse,1000,0.9999952981126744
mouse,1001,0.9999953554497927
mouse,1002,0.999995412087714
mouse,1003,0.9999954680349649
mouse,1004,0.9999955232999674
mouse,1005,0.9999955778910415
mouse,1006,0.9999956318164053
mouse,1007,0.9999956850841768
mouse,1008,0.9999957377023749
mouse,1009,0.9999957896789209
mouse,1010,0.9999958410216395
mouse,1011,0.9999958917382599
mouse,1012,0.9999959418364168
mouse,1013,0.9999959913236522
mouse,1014,0.9999960402074163
mouse,1015,0.9999960884950676
mouse,1016,0.9999961361938757
mouse,1017,0.9999961833110211
mouse,1018,0.999996229853597
mouse,1019,0.9999962758286098
mouse,1020,0.999996321242981
mouse,1021,0.999996366103547
mouse,1022,0.9999964104170613
mouse,1023,0.9999964541901949
mouse,1024,0.9999964974295372
mouse,1025,0.9999965401415979
mouse,1026,0.9999965823328069
mouse,1027,0.9999966240095155
mouse,1028,0.999996665177998
mouse,1029,0.9999967058444518
mouse,1030,0.999996746014999
mouse,1031,0.9999967856956868
mouse,1032,0.9999968248924888
mouse,1033,0.9999968636113059
mouse,1034,0.9999969018579667
mouse,1035,0.999996939638229
mouse,1036,0.9999969769577802
mouse,1037,0.9999970138222385
mouse,1038,0.9999970502371536
mouse,1039,0.9999970862080073
mouse,1040,0.9999971217402148
mouse,1041,0.9999971568391252
mouse,1042,0.9999971915100223
mouse,1043,0.9999972257581253
mouse,1044,0.9999972595885904
mouse,1045,0.9999972930065102
mouse,1046,0.9999973260169155
mouse,1047,0.9999973586247757
mouse,1048,0.9999973908349997
mouse,1049,0.9999974226524364
mouse,1050,0.9999974540818757
mouse,1051,0.999997485128049
mouse,1052,0.9999975157956299
mouse,1053,0.9999975460892354
mouse,1054,0.9999975760134259
mouse,1055,0.999997605572706
mouse,1056,0.9999976347715258
mouse,1057,0.9999976636142808
mouse,1058,0.9999976921053132
mouse,1059,0.9999977202489121
mouse,1060,0.9999977480493141
mouse,1061,0.9999977755107045
mouse,1062,0.9999978026372172
mouse,1063,0.9999978294329357
mouse,1064,0.9999978559018942
mouse,1065,0.9999978820480773
mouse,1066,0.9999979078754211
mouse,1067,0.9999979333878134
mouse,1068,0.9999979585890952
mouse,1069,0.9999979834830603
mouse,1070,0.9999980080734562
mouse,1071,0.9999980323639845
mouse,1072,0.9999980563583024
mouse,1073,0.9999980800600218
mouse,1074,0.9999981034727108
mouse,1075,0.999998126599894
mouse,1076,0.9999981494450529
mouse,1077,0.999998172011627
mouse,1078,0.9999981943030131
mouse,1079,0.9999982163225671
mouse,1080,0.9999982380736039
mouse,1081,0.9999982595593978
mouse,1082,0.9999982807831835
mouse,1083,0.999998301748156
mouse,1084,0.9999983224574712
mouse,1085,0.9999983429142469
mouse,1086,0.9999983631215627
mouse,1087,0.9999983830824604
mouse,1088,0.9999984027999452
mouse,1089,0.9999984222769853
mouse,1090,0.999998441516513
mouse,1091,0.9999984605214244
mouse,1092,0.9999984792945806
mouse,1093,0.9999984978388078
mouse,1094,0.9999985161568975
mouse,1095,0.9999985342516076
mouse,1096,0.9999985521256618
mouse,1097,0.9999985697817511
mouse,1098,0.9999985872225332
mouse,1099,0.999998604450634
mouse,1100,0.9999986214686469
mouse,1101,0.9999986382791337
mouse,1102,0.9999986548846254
mouse,1103,0.9999986712876214
mouse,1104,0.9999986874905915
mouse,1105,0.9999987034959743
mouse,1106,0.9999987193061797
mouse,1107,0.9999987349235877
mouse,1108,0.9999987503505495
mouse,1109,0.9999987655893873
mouse,1110,0.9999987806423952
mouse,1111,0.9999987955118395
mouse,1112,0.9999988101999584
mouse,1113,0.9999988247089632
mouse,1114,0.999998839041038
mouse,1115,0.9999988531983406
mouse,1116,0.9999988671830021
mouse,1117,0.9999988809971277
mouse,1118,0.9999988946427972
mouse,1119,0.9999989081220647
mouse,1120,0.9999989214369593
mouse,1121,0.9999989345894855
mouse,1122,0.9999989475816236
mouse,1123,0.9999989604153291
mouse,1124,0.9999989730925339
mouse,1125,0.9999989856151468
mouse,1126,0.9999989979850529
mouse,1127,0.9999990102041143
mouse,1128,0.9999990222741704
mouse,1129,0.9999990341970383
mouse,1130,0.999999045974513
mouse,1131,0.9999990576083674
mouse,1132,0.9999990691003527
mouse,1133,0.9999990804521993
mouse,1134,0.999999091665616
mouse,1135,0.9999991027422904
mouse,1136,0.9999991136838907
mouse,1137,0.9999991244920636
mouse,1138,0.9999991351684366
mouse,1139,0.9999991457146166
mouse,1140,0.9999991561321911
mouse,1141,0.9999991664227288
mouse,1142,0.9999991765877786
mouse,1143,0.9999991866288706
mouse,1144,0.9999991965475167
mouse,1145,0.9999992063452099
mouse,1146,0.9999992160234252
mouse,1147,0.9999992255836199
mouse,1148,0.9999992350272326
mouse,1149,0.9999992443556854
mouse,1150,0.9999992535703824
mouse,1151,0.9999992626727111
mouse,1152,0.9999992716640415
mouse,1153,0.9999992805457271
mouse,1154,0.999999289319105
mouse,1155,0.999999297985496
mouse,1156,0.999999306546205
mouse,1157,0.9999993150025203
mouse,1158,0.9999993233557153
mouse,1159,0.9999993316070472
mouse,1160,0.9999993397577585
mouse,1161,0.999999347809076
mouse,1162,0.9999993557622117
mouse,1163,0.9999993636183631
mouse,1164,0.9999993713787126
mouse,1165,0.9999993790444287
mouse,1166,0.9999993866166653
mouse,1167,0.9999993940965622
mouse,1168,0.9999994014852456
mouse,1169,0.9999994087838278
mouse,1170,0.9999994159934075
mouse,1171,0.99999942311507
mouse,1172,0.9999994301498876
mouse,1173,0.9999994370989191
mouse,1174,0.9999994439632108
mouse,1175,0.9999994507437958
mouse,1176,0.9999994574416953
mouse,1177,0.999999464057917
mouse,1178,0.9999994705934574
mouse,1179,0.9999994770493003
mouse,1180,0.9999994834264174
mouse,1181,0.9999994897257687
mouse,1182,0.9999994959483028
mouse,1183,0.9999995020949562
mouse,1184,0.9999995081666544
mouse,1185,0.9999995141643113
mouse,1186,0.9999995200888299
mouse,1187,0.9999995259411019
mouse,1188,0.9999995317220084
mouse,1189,0.9999995374324198
mouse,1190,0.9999995430731955
mouse,1191,0.9999995486451848
mouse,1192,0.9999995541492266
mouse,1193,0.9999995595861495
mouse,1194,0.9999995649567718
mouse,1195,0.999999570261902
mouse,1196,0.9999995755023391
mouse,1197,0.9999995806788716
mouse,1198,0.999999585792279
mouse,1199,0.9999995908433309
mouse,1200,0.9999995958327879
mouse,1201,0.9999996007614009
mouse,1202,0.9999996056299121
mouse,1203,0.9999996104390542
mouse,1204,0.9999996151895514
mouse,1205,0.9999996198821185
mouse,1206,0.9999996245174623
mouse,1207,0.9999996290962804
mouse,1208,0.999999633619262
mouse,1209,0.9999996380870882
mouse,1210,0.9999996425004317
mouse,1211,0.9999996468599566
mouse,1212,0.9999996511663193
mouse,1213,0.9999996554201682
mouse,1214,0.9999996596221437
mouse,1215,0.9999996637728781
mouse,1216,0.9999996678729963
mouse,1217,0.9999996719231157
mouse,1218,0.9999996759238459
mouse,1219,0.9999996798757894
mouse,1220,0.9999996837795408
mouse,1221,0.9999996876356881
mouse,1222,0.9999996914448117
mouse,1223,0.9999996952074849
mouse,1224,0.9999996989242741
mouse,1225,0.999999702595739
mouse,1226,0.9999997062224325
mouse,1227,0.9999997098049002
mouse,1228,0.9999997133436813
mouse,1229,0.9999997168393091
mouse,1230,0.9999997202923094
mouse,1231,0.9999997237032022
mouse,1232,0.9999997270725006
mouse,1233,0.9999997304007123
mouse,1234,0.9999997336883382
mouse,1235,0.9999997369358731
mouse,1236,0.999999740143806
mouse,1237,0.9999997433126198
mouse,1238,0.9999997464427914
mouse,1239,0.9999997495347922
mouse,1240,0.9999997525890877
mouse,1241,0.9999997556061377
mouse,1242,0.9999997585863962
mouse,1243,0.9999997615303119
mouse,1244,0.9999997644383283
mouse,1245,0.9999997673108826
mouse,1246,0.9999997701484077
mouse,1247,0.9999997729513308
mouse,1248,0.9999997757200734
mouse,1249,0.9999997784550528
mouse,1250,0.9999997811566804
mouse,1251,0.9999997838253633
mouse,1252,0.9999997864615026
mouse,1253,0.9999997890654957
mouse,1254,0.9999997916377343
mouse,1255,0.9999997941786058
mouse,1256,0.9999997966884928
mouse,1257,0.9999997991677729
mouse,1258,0.9999998016168195
mouse,1259,0.9999998040360011
mouse,1260,0.9999998064256821
mouse,1261,0.9999998087862222
mouse,1262,0.9999998111179765
mouse,1263,0.9999998134212965
mouse,1264,0.9999998156965286
mouse,1265,0.9999998179440156
mouse,1266,0.9999998201640954
mouse,1267,0.9999998223571027
mouse,1268,0.9999998245233672
mouse,1269,0.9999998266632153
mouse,1270,0.999999828776969
mouse,1271,0.9999998308649465
mouse,1272,0.9999998329274622
mouse,1273,0.9999998349648265
mouse,1274,0.9999998369773463
mouse,1275,0.9999998389653245
mouse,1276,0.9999998409290604
mouse,1277,0.9999998428688495
mouse,1278,0.9999998447849836
mouse,1279,0.9999998466777517
mouse,1280,0.9999998485474383
mouse,1281,0.999999850394325
mouse,1282,0.9999998522186899
mouse,1283,0.9999998540208076
mouse,1284,0.9999998558009494
mouse,1285,0.9999998575593833
mouse,1286,0.9999998592963739
mouse,1287,0.9999998610121829
mouse,1288,0.9999998627070684
mouse,1289,0.9999998643812856
mouse,1290,0.9999998660350868
mouse,1291,0.9999998676687206
mouse,1292,0.999999869282433
mouse,1293,0.9999998708764672
mouse,1294,0.9999998724510629
mouse,1295,0.9999998740064572
mouse,1296,0.9999998755428842
mouse,1297,0.9999998770605752
mouse,1298,0.9999998785597587
mouse,1299,0.9999998800406606
mouse,1300,0.9999998815035036
mouse,1301,0.999999882948508
mouse,1302,0.9999998843758913
mouse,1303,0.9999998857858683
mouse,1304,0.9999998871786514
mouse,1305,0.9999998885544502
mouse,1306,0.999999889913472
mouse,1307,0.9999998912559211
mouse,1308,0.9999998925819998
mouse,1309,0.9999998938919075
mouse,1310,0.9999998951858415
mouse,1311,0.9999998964639968
mouse,1312,0.9999998977265656
mouse,1313,0.9999998989737381
mouse,1314,0.9999999002057018
mouse,1315,0.9999999014226424
mouse,1316,0.999999902624743
mouse,1317,0.9999999038121846
mouse,1318,0.999999904985146
mouse,1319,0.9999999061438036
mouse,1320,0.9999999072883321
mouse,1321,0.9999999084189036
mouse,1322,0.9999999095356884
mouse,1323,0.9999999106388545
mouse,1324,0.9999999117285682
mouse,1325,0.9999999128049933
mouse,1326,0.9999999138682919
mouse,1327,0.999999914918624
mouse,1328,0.9999999159561481
mouse,1329,0.99999991698102
mouse,1330,0.9999999179933942
mouse,1331,0.9999999189934228
mouse,1332,0.9999999199812567
mouse,1333,0.9999999209570445
mouse,1334,0.9999999219209331
mouse,1335,0.9999999228730676
mouse,1336,0.9999999238135912
mouse,1337,0.9999999247426457
mouse,1338,0.9999999256603705
mouse,1339,0.9999999265669043
mouse,1340,0.9999999274623834
mouse,1341,0.9999999283469427
mouse,1342,0.9999999292207153
mouse,1343,0.9999999300838327
mouse,1344,0.9999999309364247
mouse,1345,0.9999999317786197
mouse,1346,0.9999999326105445
mouse,1347,0.9999999334323246
mouse,1348,0.9999999342440834
mouse,1349,0.9999999350459432
mouse,1350,0.9999999358380249
mouse,1351,0.9999999366204475
mouse,1352,0.9999999373933288
mouse,1353,0.9999999381567851
mouse,1354,0.9999999389109315
mouse,1355,0.9999999396558817
mouse,1356,0.9999999403917476
mouse,1357,0.9999999411186398
mouse,1358,0.999999941836668
mouse,1359,0.9999999425459403
mouse,1360,0.9999999432465632
mouse,1361,0.9999999439386424
mouse,1362,0.999999944622282
mouse,1363,0.9999999452975852
mouse,1364,0.9999999459646534
mouse,1365,0.9999999466235868
mouse,1366,0.9999999472744849
mouse,1367,0.9999999479174457
mouse,1368,0.9999999485525659
mouse,1369,0.9999999491799412
mouse,1370,0.999999949799666
mouse,1371,0.9999999504118334
mouse,1372,0.9999999510165359
mouse,1373,0.9999999516138642
mouse,1374,0.9999999522039086
mouse,1375,0.9999999527867576
mouse,1376,0.9999999533624989
mouse,1377,0.9999999539312195
mouse,1378,0.9999999544930048
mouse,1379,0.9999999550479395
mouse,1380,0.999999955596107
mouse,1381,0.99999995613759
mouse,1382,0.9999999566724698
mouse,1383,0.9999999572008269
mouse,1384,0.999999957722741
mouse,1385,0.9999999582382906
mouse,1386,0.9999999587475533
mouse,1387,0.9999999592506059
mouse,1388,0.999999959747524
mouse,1389,0.9999999602383823
mouse,1390,0.999999960723255
mouse,1391,0.9999999612022149
mouse,1392,0.999999961675334
mouse,1393,0.9999999621426838
mouse,1394,0.9999999626043345
mouse,1395,0.9999999630603557
mouse,1396,0.9999999635108157
mouse,1397,0.9999999639557826
mouse,1398,0.9999999643953236
mouse,1399,0.9999999648295044
mouse,1400,0.9999999652583906
mouse,1401,0.9999999656820469
mouse,1402,0.9999999661005369
mouse,1403,0.9999999665139236
mouse,1404,0.9999999669222693
mouse,1405,0.9999999673256355
mouse,1406,0.9999999677240827
mouse,1407,0.999999968117671
mouse,1408,0.9999999685064597
mouse,1409,0.9999999688905072
mouse,1410,0.9999999692698718
mouse,1411,0.99999996964461
mouse,1412,0.9999999700147785
mouse,1413,0.999999970380433
mouse,1414,0.9999999707416285
mouse,1415,0.9999999710984194
mouse,1416,0.9999999714508594
mouse,1417,0.9999999717990017
mouse,1418,0.9999999721428986
mouse,1419,0.9999999724826016
mouse,1420,0.9999999728181622
mouse,1421,0.9999999731496308
mouse,1422,0.9999999734770575
mouse,1423,0.9999999738004912
mouse,1424,0.9999999741199808
mouse,1425,0.9999999744355744
mouse,1426,0.9999999747473196
mouse,1427,0.9999999750552632
mouse,1428,0.9999999753594515
mouse,1429,0.9999999756599305
mouse,1430,0.9999999759567451
mouse,1431,0.9999999762499403
mouse,1432,0.9999999765395602
mouse,1433,0.9999999768256482
mouse,1434,0.9999999771082475
mouse,1435,0.9999999773874007
mouse,1436,0.9999999776631497
mouse,1437,0.9999999779355363
mouse,1438,0.9999999782046012
mouse,1439,0.9999999784703849
mouse,1440,0.9999999787329276
mouse,1441,0.9999999789922687
mouse,1442,0.9999999792484472
mouse,1443,0.9999999795015018
mouse,1444,0.9999999797514705
mouse,1445,0.999999979998391
mouse,1446,0.9999999802423003
mouse,1447,0.9999999804832354
mouse,1448,0.9999999807212323
mouse,1449,0.999999980956327
mouse,1450,0.9999999811885548
mouse,1451,0.9999999814179508
mouse,1452,0.9999999816445494
mouse,1453,0.9999999818683847
mouse,1454,0.9999999820894905
mouse,1455,0.9999999823079
mouse,1456,0.9999999825236461
mouse,1457,0.9999999827367613
mouse,1458,0.9999999829472777
mouse,1459,0.9999999831552271
mouse,1460,0.9999999833606404
human,1,0.002841234801952786
human,2,0.00673683137654054
human,3,0.011202286920624404
human,4,0.01606397984183071
human,5,0.021208978350589817
human,6,0.02655483220438408
human,7,0.032040479921754975
human,8,0.03762063824760703
human,9,0.04326173303186456
human,10,0.048938885441662715
human,11,0.05463367431490685
human,12,0.06033247430440003
human,13,0.06602522161041331
human,14,0.07170449728208966
human,15,0.07736484637956127
human,16,0.08300227231182518
human,17,0.08861386127916417
human,18,0.09419750334533401
human,19,0.09975168527750684
human,20,0.1052753366887396
human,21,0.11076771576867966
human,22,0.1162283244167862
human,23,0.12165684521304415
human,24,0.12705309460756142
human,25,0.13241698815605976
human,26,0.13774851470194382
human,27,0.14304771720305925
human,28,0.14831467849350738
human,29,0.15354951071075765
human,30,0.1587523474449961
human,31,0.16392333791029126
human,32,0.16906264261736884
human,33,0.1741704301616334
human,34,0.17924687483948148
human,35,0.18429215487978307
human,36,0.18930645113224176
human,37,0.19428994609507183
human,38,0.19924282319467754
human,39,0.20416526625248527
human,40,0.20905745909076442
human,41,0.21391958524166582
human,42,0.21875182773290905
human,43,0.22355436893038694
human,44,0.22832739042303196
human,45,0.23307107293906
human,46,0.2377855962855076
human,47,0.2424711393050589
human,48,0.24712787984570278
human,49,0.25175599473990895
human,50,0.256355659790863
human,51,0.2609270497639338
human,52,0.26547033838201706
human,53,0.2699856983237462
human,54,0.27447330122382446
human,55,0.2789333176749203
human,56,0.2833659172307149
human,57,0.2877712684097951
human,58,0.2921495387001638
human,59,0.2965008945641996
human,60,0.30082550144393955
human,61,0.30512352376659296
human,62,0.30939512495021565
human,63,0.31364046740949525
human,64,0.31785971256160805
human,65,0.32205302083212023
human,66,0.32622055166091196
human,67,0.3303624635081092
human,68,0.33447891386001216
human,69,0.33857005923501116
human,70,0.3426360551894847
human,71,0.34667705632367424
human,72,0.35069321628753325
human,73,0.3546846877865472
human,74,0.35865162258752425
human,75,0.36259417152435286
human,76,0.36651248450372864
human,77,0.37040671051084745
human,78,0.3742769976150649
human,79,0.37812349297552317
human,80,0.3819463428467435
human,81,0.3857456925841849
human,82,0.38952168664977
human,83,0.39327446861737636
human,84,0.3970041811782949
human,85,0.4007109661466548
human,86,0.40439496446481515
human,87,0.4080563162087235
human,88,0.41169516059324207
human,89,0.41531163597744053
human,90,0.4189058798698569
human,91,0.42247802893372577
human,92,0.42602821899217463
human,93,0.4295565850333881
human,94,0.4330632612157407
human,95,0.4365483808728975
human,96,0.4400120765188843
human,97,0.44345447985312586
human,98,0.44687572176545365
human,99,0.4502759323410825
human,100,0.4536552408655566
human,101,0.4570137758296659
human,102,0.4603516649343311
human,103,0.46366903509545954
human,104,0.4669660124487707
human,105,0.47024272235459225
human,106,0.4734992894026268
human,107,0.4767358374166889
human,108,0.4799524894594133
human,109,0.4831493678369342
human,110,0.48632659410353524
human,111,0.4894842890662722
human,112,0.4926225727895655
human,113,0.49574156459976587
human,114,0.49884138308969156
human,115,0.501922146123137
human,116,0.5049839708393553
human,117,0.5080269736575111
human,118,0.5110512702811079
human,119,0.5140569757023872
human,120,0.5170442042067007
human,121,0.5200130693768561
human,122,0.5229636840974355
human,123,0.5258961605590878
human,124,0.5288106102627943
human,125,0.5317071440241083
human,126,0.534585871977369
human,127,0.5374469035798886
human,128,0.5402903476161146
human,129,0.5431163122017655
human,130,0.5459249047879426
human,131,0.5487162321652148
human,132,0.5514904004676792
human,133,0.5542475151769968
human,134,0.5569876811264031
human,135,0.5597110025046944
human,136,0.5624175828601892
human,137,0.5651075251046649
human,138,0.5677809315172717
human,139,0.570437903748421
human,140,0.5730785428236502
human,141,0.5757029491474648
human,142,0.5783112225071553
human,143,0.5809034620765915
human,144,0.5834797664199937
human,145,0.58604023349568
human,146,0.5885849606597916
human,147,0.5911140446699937
human,148,0.5936275816891551
human,149,0.5961256672890041
human,150,0.5986083964537632
human,151,0.6010758635837596
human,152,0.6035281624990156
human,153,0.6059653864428152
human,154,0.6083876280852496
human,155,0.6107949795267411
human,156,0.6131875323015445
human,157,0.6155653773812283
human,158,0.6179286051781324
human,159,0.6202773055488073
human,160,0.6226115677974298
human,161,0.6249314806791986
human,162,0.6272371324037094
human,163,0.6295286106383086
human,164,0.6318060025114268
human,165,0.6340693946158917
human,166,0.6363188730122203
human,167,0.6385545232318918
human,168,0.6407764302805988
human,169,0.6429846786414805
human,170,0.645179352278334
human,171,0.6473605346388076
human,172,0.6495283086575734
human,173,0.6516827567594806
human,174,0.6538239608626899
human,175,0.6559520023817879
human,176,0.6580669622308827
human,177,0.6601689208266807
human,178,0.6622579580915441
human,179,0.6643341534565301
human,180,0.6663975858644107
human,181,0.6684483337726743
human,182,0.6704864751565093
human,183,0.6725120875117686
human,184,0.6745252478579161
human,185,0.6765260327409558
human,186,0.6785145182363413
human,187,0.6804907799518696
human,188,0.6824548930305548
human,189,0.6844069321534859
human,190,0.6863469715426664
human,191,0.6882750849638362
human,192,0.6901913457292761
human,193,0.6920958267005961
human,194,0.6939886002915052
human,195,0.6958697384705651
human,196,0.6977393127639263
human,197,0.6995973942580481
human,198,0.7014440536024011
human,199,0.7032793610121543
human,200,0.7051033862708433
human,201,0.7069161987330256
human,202,0.7087178673269163
human,203,0.7105084605570093
human,204,0.7122880465066826
human,205,0.7140566928407859
human,206,0.715814466808214
human,207,0.7175614352444646
human,208,0.719297664574178
human,209,0.721023220813664
human,210,0.7227381695734112
human,211,0.7244425760605824
human,212,0.7261365050814935
human,213,0.7278200210440778
human,214,0.7294931879603347
human,215,0.731156069448764
human,216,0.7328087287367848
human,217,0.7344512286631393
human,218,0.7360836316802821
human,219,0.7377059998567552
human,220,0.739318394879548
human,221,0.7409208780564422
human,222,0.7425135103183437
human,223,0.7440963522215985
human,224,0.7456694639502963
human,225,0.7472329053185579
human,226,0.7487867357728097
human,227,0.7503310143940448
human,228,0.7518657999000682
human,229,0.7533911506477304
human,230,0.7549071246351458
human,231,0.7564137795038978
human,232,0.7579111725412311
human,233,0.7593993606822297
human,234,0.7608784005119812
human,235,0.7623483482677291
human,236,0.7638092598410107
human,237,0.765261190779782
human,238,0.7667041962905305
human,239,0.7681383312403738
human,240,0.7695636501591453
human,241,0.770980207241469
human,242,0.7723880563488188
human,243,0.7737872510115672
human,244,0.7751778444310202
human,245,0.7765598894814406
human,246,0.7779334387120583
human,247,0.779298544349068
human,248,0.7806552582976156
human,249,0.7820036321437712
human,250,0.7833437171564909
human,251,0.7846755642895662
human,252,0.7859992241835613
human,253,0.7873147471677384
human,254,0.7886221832619719
human,255,0.7899215821786495
human,256,0.7912129933245634
human,257,0.7924964658027879
human,258,0.7937720484145472
human,259,0.7950397896610703
human,260,0.7962997377454357
human,261,0.7975519405744042
human,262,0.79879644576024
human,263,0.8000333006225213
human,264,0.8012625521899399
human,265,0.8024842472020884
human,266,0.8036984321112384
human,267,0.8049051530841063
human,268,0.8061044560036086
human,269,0.8072963864706064
human,270,0.8084809898056399
human,271,0.809658311050651
human,272,0.810828394970696
human,273,0.811991286055648
human,274,0.8131470285218881
human,275,0.8142956663139871
human,276,0.8154372431063759
human,277,0.8165718023050066
human,278,0.8176993870490027
human,279,0.8188200402122993
human,280,0.8199338044052733
human,281,0.8210407219763638
human,282,0.822140835013682
human,283,0.8232341853466113
human,284,0.8243208145473989
human,285,0.825400763932735
human,286,0.826474074565325
human,287,0.8275407872554497
human,288,0.8286009425625182
human,289,0.829654580796609
human,290,0.8307017420200037
human,291,0.8317424660487094
human,292,0.8327767924539733
human,293,0.8338047605637866
human,294,0.8348264094643809
human,295,0.8358417780017131
human,296,0.8368509047829433
human,297,0.8378538281779028
human,298,0.838850586320552
human,299,0.8398412171104321
human,300,0.8408257582141045
human,301,0.8418042470665839
human,302,0.8427767208727612
human,303,0.8437432166088187
human,304,0.8447037710236356
human,305,0.845658420640185
human,306,0.8466072017569236
human,307,0.847550150449171
human,308,0.8484873025704814
human,309,0.8494186937540078
human,310,0.8503443594138554
human,311,0.8512643347464295
human,312,0.8521786547317729
human,313,0.8530873541348962
human,314,0.8539904675071
human,315,0.8548880291872882
human,316,0.8557800733032735
human,317,0.856666633773076
human,318,0.8575477443062114
human,319,0.8584234384049739
human,320,0.8592937493657098
human,321,0.8601587102800833
human,322,0.8610183540363345
human,323,0.8618727133205307
human,324,0.8627218206178087
human,325,0.8635657082136097
human,326,0.8644044081949074
human,327,0.8652379524514279
human,328,0.8660663726768619
human,329,0.8668897003700706
human,330,0.8677079668362823
human,331,0.8685212031882835
human,332,0.8693294403476018
human,333,0.8701327090456812
human,334,0.8709310398250507
human,335,0.8717244630404865
human,336,0.8725130088601646
human,337,0.8732967072668091
human,338,0.8740755880588321
human,339,0.8748496808514662
human,340,0.8756190150778909
human,341,0.8763836199903514
human,342,0.8771435246612717
human,343,0.8778987579843589
human,344,0.8786493486757028
human,345,0.8793953252748666
human,346,0.8801367161459738
human,347,0.8808735494787845
human,348,0.8816058532897694
human,349,0.8823336554231735
human,350,0.8830569835520758
human,351,0.8837758651794406
human,352,0.8844903276391642
human,353,0.8852003980971134
human,354,0.8859061035521588
human,355,0.8866074708372017
human,356,0.887304526620194
human,357,0.8879972974051514
human,358,0.8886858095331629
human,359,0.8893700891833909
human,360,0.8900501623740673
human,361,0.8907260549634828
human,362,0.8913977926509693
human,363,0.8920654009778781
human,364,0.8927289053285509
human,365,0.8933883309312841
human,366,0.8940437028592892
human,367,0.8946950460316452
human,368,0.8953423852142466
human,369,0.8959857450207452
human,370,0.8966251499134856
human,371,0.8972606242044356
human,372,0.8978921920561101
human,373,0.898519877482491
human,374,0.8991437043499384
human,375,0.8997636963781
human,376,0.9003798771408121
human,377,0.9009922700669959
human,378,0.901600898441548
human,379,0.9022057854062269
human,380,0.9028069539605317
human,381,0.9034044269625773
human,382,0.903998227129963
human,383,0.9045883770406372
human,384,0.905174899133755
human,385,0.9057578157105317
human,386,0.9063371489350907
human,387,0.9069129208353063
human,388,0.9074851533036414
human,389,0.9080538680979797
human,390,0.9086190868424531
human,391,0.9091808310282636
human,392,0.9097391220145014
human,393,0.9102939810289555
human,394,0.9108454291689224
human,395,0.9113934874020072
human,396,0.9119381765669214
human,397,0.912479517374275
human,398,0.913017530407364
human,399,0.9135522361229536
human,400,0.9140836548520543
human,401,0.9146118068006976
human,402,0.915136712050702
human,403,0.9156583905604374
human,404,0.9161768621655844
human,405,0.9166921465798877
human,406,0.9172042633959062
human,407,0.9177132320857582
human,408,0.9182190720018604
human,409,0.918721802377666
human,410,0.9192214423283939
human,411,0.9197180108517568
human,412,0.9202115268286826
human,413,0.9207020090240337
human,414,0.9211894760873186
human,415,0.921673946553403
human,416,0.9221554388432126
human,417,0.922633971264435
human,418,0.9231095620122156
human,419,0.9235822291698487
human,420,0.9240519907094652
human,421,0.9245188644927167
human,422,0.9249828682714544
human,423,0.9254440196884033
human,424,0.9259023362778342
human,425,0.9263578354662294
human,426,0.9268105345729458
human,427,0.9272604508108736
human,428,0.9277076012870898
human,429,0.9281520030035102
human,430,0.9285936728575347
human,431,0.92903262764269
human,432,0.9294688840492685
human,433,0.9299024586649628
human,434,0.9303333679754956
human,435,0.9307616283652479
human,436,0.9311872561178812
human,437,0.9316102674169564
human,438,0.9320306783465501
human,439,0.9324485048918648
human,440,0.932863762939838
human,441,0.9332764682797456
human,442,0.9336866366038024
human,443,0.9340942835077585
human,444,0.934499424491493
human,445,0.9349020749596024
human,446,0.9353022502219871
human,447,0.9356999654944332
human,448,0.936095235899191
human,449,0.9364880764655502
human,450,0.936878502130411
human,451,0.9372665277388524
human,452,0.937652168044697
human,453,0.9380354377110703
human,454,0.9384163513109606
human,455,0.9387949233277716
human,456,0.9391711681558731
human,457,0.9395451001011491
human,458,0.9399167333815409
human,459,0.9402860821275886
human,460,0.9406531603829674
human,461,0.9410179821050226
human,462,0.9413805611652993
human,463,0.9417409113500703
human,464,0.942099046360861
human,465,0.9424549798149687
human,466,0.9428087252459819
human,467,0.9431602961042943
human,468,0.9435097057576162
human,469,0.9438569674914828
human,470,0.9442020945097592
human,471,0.9445450999351429
human,472,0.9448859968096623
human,473,0.945224798095173
human,474,0.9455615166738502
human,475,0.945896165348679
human,476,0.9462287568439406
human,477,0.9465593038056966
human,478,0.9468878188022701
human,479,0.9472143143247225
human,480,0.9475388027873295
human,481,0.9478612965280527
human,482,0.948181807809009
human,483,0.9485003488169361
human,484,0.9488169316636569
human,485,0.9491315683865391
human,486,0.949444270948954
human,487,0.9497550512407298
human,488,0.950063921078605
human,489,0.9503708922066778
human,490,0.9506759762968511
human,491,0.9509791849492779
human,492,0.9512805296928019
human,493,0.9515800219853954
human,494,0.9518776732145956
human,495,0.9521734946979372
human,496,0.9524674976833828
human,497,0.9527596933497509
human,498,0.9530500928071401
human,499,0.9533387070973528
human,500,0.9536255471943136
human,501,0.9539106240044875
human,502,0.954193948367295
human,503,0.9544755310555226
human,504,0.9547553827757346
human,505,0.9550335141686781
human,506,0.9553099358096889
human,507,0.9555846582090934
human,508,0.9558576918126077
human,509,0.9561290470017354
human,510,0.9563987340941621
human,511,0.9566667633441475
human,512,0.9569331449429154
human,513,0.9571978890190416
human,514,0.9574610056388386
human,515,0.9577225048067384
human,516,0.9579823964656727
human,517,0.9582406904974516
human,518,0.9584973967231389
human,519,0.9587525249034251
human,520,0.9590060847389996
human,521,0.9592580858709185
human,522,0.9595085378809717
human,523,0.9597574502920473
human,524,0.9600048325684933
human,525,0.960250694116478
human,526,0.9604950442843471
human,527,0.9607378923629794
human,528,0.9609792475861402
human,529,0.961219119130832
human,530,0.9614575161176437
human,531,0.9616944476110978
human,532,0.9619299226199942
human,533,0.9621639500977532
human,534,0.9623965389427561
human,535,0.9626276979986833
human,536,0.9628574360548505
human,537,0.9630857618465432
human,538,0.9633126840553482
human,539,0.9635382113094847
human,540,0.9637623521841315
human,541,0.9639851152017535
human,542,0.9642065088324254
human,543,0.964426541494154
human,544,0.9646452215531984
human,545,0.9648625573243882
human,546,0.9650785570714389
human,547,0.9652932290072664
human,548,0.9655065812943006
human,549,0.9657186220447935
human,550,0.9659293593211296
human,551,0.9661388011361309
human,552,0.9663469554533631
human,553,0.9665538301874371
human,554,0.9667594332043106
human,555,0.966963772321587
human,556,0.967166855308813
human,557,0.9673686898877732
human,558,0.9675692837327846
human,559,0.967768644470988
human,560,0.9679667796826378
human,561,0.9681636969013905
human,562,0.9683594036145912
human,563,0.9685539072635583
human,564,0.968747215243866
human,565,0.9689393349056261
human,566,0.9691302735537669
human,567,0.9693200384483115
human,568,0.9695086368046536
human,569,0.9696960757938317
human,570,0.9698823625428021
human,571,0.9700675041347094
human,572,0.9702515076091565
human,573,0.9704343799624714
human,574,0.9706161281479742
human,575,0.9707967590762406
human,576,0.9709762796153654
human,577,0.9711546965912228
human,578,0.971332016787727
human,579,0.971508246947089
human,580,0.9716833937700742
human,581,0.9718574639162559
human,582,0.9720304640042695
human,583,0.9722024006120635
human,584,0.97237328027715
human,585,0.9725431094968534
human,586,0.972711894728557
human,587,0.9728796423899488
human,588,0.9730463588592655
human,589,0.9732120504755347
human,590,0.9733767235388165
human,591,0.9735403843104431
human,592,0.9737030390132557
human,593,0.9738646938318427
human,594,0.9740253549127736
human,595,0.9741850283648336
human,596,0.9743437202592548
human,597,0.9745014366299486
human,598,0.9746581834737338
human,599,0.974813966750565
human,600,0.9749687923837594
human,601,0.975122666260222
human,602,0.9752755942306691
human,603,0.9754275821098514
human,604,0.9755786356767739
human,605,0.9757287606749175
human,606,0.9758779628124555
human,607,0.9760262477624719
human,608,0.9761736211631764
human,609,0.9763200886181189
human,610,0.9764656556964032
human,611,0.9766103279328977
human,612,0.9767541108284468
human,613,0.9768970098500795
human,614,0.9770390304312175
human,615,0.9771801779718817
human,616,0.9773204578388976
human,617,0.9774598753660992
human,618,0.9775984358545319
human,619,0.9777361445726543
human,620,0.9778730067565382
human,621,0.9780090276100677
human,622,0.978144212305137
human,623,0.9782785659818477
human,624,0.9784120937487034
human,625,0.9785448006828046
human,626,0.9786766918300409
human,627,0.9788077722052837
human,628,0.9789380467925767
human,629,0.9790675205453251
human,630,0.9791961983864843
human,631,0.9793240852087466
human,632,0.9794511858747279
human,633,0.9795775052171519
human,634,0.9797030480390346
human,635,0.9798278191138661
human,636,0.9799518231857928
human,637,0.9800750649697971
human,638,0.9801975491518775
human,639,0.9803192803892263
human,640,0.9804402633104067
human,641,0.9805605025155285
human,642,0.9806800025764236
human,643,0.9807987680368196
human,644,0.9809168034125126
human,645,0.9810341131915388
human,646,0.9811507018343445
human,647,0.9812665737739575
human,648,0.9813817334161538
human,649,0.981496185139626
human,650,0.9816099332961498
human,651,0.981722982210749
human,652,0.9818353361818608
human,653,0.9819469994814982
human,654,0.982057976355413
human,655,0.9821682710232574
human,656,0.982277887678744
human,657,0.9823868304898056
human,658,0.9824951035987534
human,659,0.9826027111224346
human,660,0.9827096571523893
human,661,0.9828159457550056
human,662,0.9829215809716744
human,663,0.9830265668189427
human,664,0.9831309072886671
human,665,0.983234606348165
human,666,0.9833376679403654
human,667,0.9834400959839593
human,668,0.9835418943735481
human,669,0.9836430669797922
human,670,0.983743617649558
human,671,0.983843550206064
human,672,0.9839428684490261
human,673,0.9840415761548028
human,674,0.9841396770765378
human,675,0.9842371749443035
human,676,0.9843340734652422
human,677,0.9844303763237074
human,678,0.9845260871814041
human,679,0.9846212096775276
human,680,0.9847157474289021
human,681,0.9848097040301178
human,682,0.9849030830536686
human,683,0.9849958880500866
human,684,0.9850881225480784
human,685,0.9851797900546582
human,686,0.9852708940552818
human,687,0.9853614380139788
human,688,0.9854514253734846
human,689,0.985540859555371
human,690,0.9856297439601764
human,691,0.9857180819675354
human,692,0.9858058769363068
human,693,0.9858931322047015
human,694,0.9859798510904095
human,695,0.9860660368907262
human,696,0.9861516928826778
human,697,0.9862368223231448
human,698,0.9863214284489877
human,699,0.9864055144771687
human,700,0.9864890836048745
human,701,0.9865721390096378
human,702,0.9866546838494581
human,703,0.9867367212629214
human,704,0.9868182543693208
human,705,0.9868992862687735
human,706,0.9869798200423394
human,707,0.9870598587521389
human,708,0.9871394054414679
human,709,0.987218463134915
human,710,0.9872970348384754
human,711,0.9873751235396656
human,712,0.9874527322076372
human,713,0.9875298637932891
human,714,0.987606521229381
human,715,0.9876827074306433
human,716,0.9877584252938895
human,717,0.9878336776981249
human,718,0.987908467504657
human,719,0.987982797557204
human,720,0.9880566706820032
human,721,0.988130089687918
human,722,0.9882030573665449
human,723,0.9882755764923197
human,724,0.9883476498226229
human,725,0.9884192800978849
human,726,0.9884904700416898
human,727,0.9885612223608787
human,728,0.9886315397456533
human,729,0.988701424869678
human,730,0.9887708803901812
human,731,0.9888399089480564
human,732,0.9889085131679632
human,733,0.9889766956584265
human,734,0.9890444590119359
human,735,0.9891118058050441
human,736,0.9891787385984652
human,737,0.9892452599371716
human,738,0.9893113723504912
human,739,0.9893770783522036
human,740,0.9894423804406351
human,741,0.9895072810987546
human,742,0.9895717827942668
human,743,0.9896358879797074
human,744,0.9896995990925351
human,745,0.9897629185552255
human,746,0.9898258487753621
human,747,0.989888392145728
human,748,0.9899505510443981
human,749,0.9900123278348278
human,750,0.990073724865944
human,751,0.9901347444722343
human,752,0.9901953889738351
human,753,0.9902556606766204
human,754,0.9903155618722895
human,755,0.9903750948384539
human,756,0.9904342618387241
human,757,0.9904930651227953
human,758,0.9905515069265333
human,759,0.9906095894720595
human,760,0.9906673149678349
human,761,0.9907246856087453
human,762,0.9907817035761831
human,763,0.9908383710381314
human,764,0.990894690149246
human,765,0.9909506630509377
human,766,0.9910062918714533
human,767,0.9910615787259563
human,768,0.9911165257166081
human,769,0.9911711349326475
human,770,0.99122540845047
human,771,0.9912793483337071
human,772,0.9913329566333043
human,773,0.9913862353875997
human,774,0.991439186622401
human,775,0.9914918123510627
human,776,0.9915441145745625
human,777,0.9915960952815777
human,778,0.9916477564485605
human,779,0.9916991000398137
human,780,0.9917501280075643
human,781,0.9918008422920391
human,782,0.9918512448215373
human,783,0.9919013375125044
human,784,0.9919511222696051
human,785,0.9920006009857957
human,786,0.9920497755423954
human,787,0.9920986478091591
human,788,0.9921472196443474
human,789,0.9921954928947977
human,790,0.9922434693959945
human,791,0.9922911509721388
human,792,0.9923385394362181
human,793,0.9923856365900746
human,794,0.9924324442244742
human,795,0.9924789641191742
human,796,0.9925251980429921
human,797,0.9925711477538709
human,798,0.9926168149989477
human,799,0.9926622015146193
human,800,0.9927073090266082
human,801,0.9927521392500286
human,802,0.9927966938894515
human,803,0.9928409746389691
human,804,0.9928849831822599
human,805,0.9929287211926519
human,806,0.9929721903331871
human,807,0.993015392256684
human,808,0.9930583286058011
human,809,0.9931010010130987
human,810,0.9931434111011018
human,811,0.9931855604823606
human,812,0.9932274507595128
human,813,0.9932690835253443
human,814,0.9933104603628496
human,815,0.9933515828452923
human,816,0.9933924525362645
human,817,0.9934330709897462
human,818,0.9934734397501653
human,819,0.9935135603524554
human,820,0.9935534343221141
human,821,0.9935930631752615
human,822,0.9936324484186979
human,823,0.9936715915499609
human,824,0.9937104940573819
human,825,0.9937491574201434
human,826,0.9937875831083349
human,827,0.9938257725830091
human,828,0.9938637272962366
human,829,0.9939014486911624
human,830,0.9939389382020594
human,831,0.9939761972543844
human,832,0.9940132272648308
human,833,0.9940500296413833
human,834,0.994086605783372
human,835,0.9941229570815242
human,836,0.994159084918018
human,837,0.9941949906665354
human,838,0.9942306756923135
human,839,0.9942661413521972
human,840,0.9943013889946902
human,841,0.9943364199600068
human,842,0.9943712355801227
human,843,0.9944058371788256
human,844,0.9944402260717649
human,845,0.9944744035665031
human,846,0.9945083709625642
human,847,0.994542129551484
human,848,0.9945756806168587
human,849,0.9946090254343941
human,850,0.9946421652719536
human,851,0.9946751013896067
human,852,0.9947078350396772
human,853,0.9947403674667901
human,854,0.9947726999079197
human,855,0.9948048335924361
human,856,0.9948367697421518
human,857,0.9948685095713692
human,858,0.9949000542869255
human,859,0.9949314050882393
human,860,0.9949625631673559
human,861,0.994993529708993
human,862,0.9950243058905853
human,863,0.9950548928823296
human,864,0.9950852918472292
human,865,0.9951155039411378
human,866,0.9951455303128041
human,867,0.995175372103915
human,868,0.9952050304491393
human,869,0.9952345064761702
human,870,0.9952638013057689
human,871,0.9952929160518071
human,872,0.9953218518213093
human,873,0.9953506097144944
human,874,0.9953791908248182
human,875,0.9954075962390148
human,876,0.9954358270371376
human,877,0.9954638842926008
human,878,0.99549176907222
human,879,0.9955194824362528
human,880,0.9955470254384388
human,881,0.9955743991260403
human,882,0.9956016045398818
human,883,0.9956286427143892
human,884,0.9956555146776301
human,885,0.9956822214513518
human,886,0.9957087640510206
human,887,0.9957351434858608
human,888,0.9957613607588924
human,889,0.9957874168669698
human,890,0.9958133128008192
human,891,0.9958390495450767
human,892,0.9958646280783255
human,893,0.9958900493731331
human,894,0.9959153143960885
human,895,0.9959404241078389
human,896,0.9959653794631258
human,897,0.9959901814108217
human,898,0.9960148308939663
human,899,0.9960393288498022
human,900,0.9960636762098104
human,901,0.996087873899746
human,902,0.9961119228396726
human,903,0.9961358239439988
human,904,0.9961595781215112
human,905,0.9961831862754108
human,906,0.9962066493033455
human,907,0.9962299680974455
human,908,0.9962531435443567
human,909,0.9962761765252747
human,910,0.9962990679159779
human,911,0.9963218185868612
human,912,0.9963444294029693
human,913,0.9963669012240285
human,914,0.9963892349044806
human,915,0.9964114312935147
human,916,0.9964334912350998
human,917,0.9964554155680166
human,918,0.9964772051258902
human,919,0.9964988607372204
human,920,0.9965203832254143
human,921,0.9965417734088172
human,922,0.9965630321007442
human,923,0.99658416010951
human,924,0.9966051582384611
human,925,0.9966260272860049
human,926,0.9966467680456416
human,927,0.9966673813059925
human,928,0.9966878678508321
human,929,0.996708228459116
human,930,0.9967284639050119
human,931,0.996748574957928
human,932,0.996768562382543
human,933,0.9967884269388348
human,934,0.9968081693821096
human,935,0.9968277904630306
human,936,0.9968472909276461
human,937,0.9968666715174187
human,938,0.9968859329692527
human,939,0.9969050760155224
human,940,0.9969241013841003
human,941,0.9969430097983841
human,942,0.9969618019773249
human,943,0.996980478635454
human,944,0.9969990404829105
human,945,0.9970174882254679
human,946,0.9970358225645608
human,947,0.9970540441973126
human,948,0.9970721538165606
human,949,0.9970901521108834
human,950,0.9971080397646267
human,951,0.9971258174579293
human,952,0.9971434858667487
human,953,0.9971610456628878
human,954,0.9971784975140189
human,955,0.9971958420837106
human,956,0.9972130800314519
human,957,0.9972302120126783
human,958,0.9972472386787953
human,959,0.9972641606772048
human,960,0.9972809786513286
human,961,0.9972976932406333
human,962,0.9973143050806544
human,963,0.9973308148030208
human,964,0.9973472230354781
human,965,0.9973635304019136
human,966,0.997379737522379
human,967,0.9973958450131146
human,968,0.9974118534865725
human,969,0.9974277635514396
human,970,0.9974435758126612
human,971,0.9974592908714637
human,972,0.9974749093253779
human,973,0.9974904317682612
human,974,0.9975058587903204
human,975,0.9975211909781343
human,976,0.9975364289146754
human,977,0.9975515731793332
human,978,0.9975666243479346
human,979,0.9975815829927677
human,980,0.9975964496826019
human,981,0.9976112249827106
human,982,0.9976259094548919
human,983,0.9976405036574909
human,984,0.99765500814542
human,985,0.9976694234701806
human,986,0.9976837501798838
human,987,0.9976979888192711
human,988,0.9977121399297356
human,989,0.9977262040493423
human,990,0.9977401817128485
human,991,0.9977540734517241
human,992,0.997767879794172
human,993,0.997781601265148
human,994,0.997795238386381
human,995,0.9978087916763925
human,996,0.9978222616505167
human,997,0.9978356488209199
human,998,0.9978489536966199
human,999,0.9978621767835051
human,1000,0.9978753185843546
human,1001,0.9978883795988565
human,1002,0.9979013603236271
human,1003,0.99791426125223
human,1004,0.9979270828751947
human,1005,0.9979398256800354
human,1006,0.9979524901512691
human,1007,0.9979650767704346
human,1008,0.9979775860161106
human,1009,0.9979900183639334
human,1010,0.998002374286616
human,1011,0.9980146542539653
human,1012,0.9980268587328999
human,1013,0.9980389881874685
human,1014,0.9980510430788669
human,1015,0.9980630238654559
human,1016,0.9980749310027786
human,1017,0.9980867649435777
human,1018,0.9980985261378129
human,1019,0.9981102150326779
human,1020,0.9981218320726172
human,1021,0.998133377699343
human,1022,0.9981448523518527
human,1023,0.9981562564664445
human,1024,0.9981675904767352
human,1025,0.9981788548136755
human,1026,0.9981900499055671
human,1027,0.9982011761780789
human,1028,0.9982122340542626
human,1029,0.9982232239545702
human,1030,0.9982341462968681
human,1031,0.9982450014964548
human,1032,0.998255789966075
human,1033,0.998266512115937
human,1034,0.9982771683537266
human,1035,0.9982877590846242
human,1036,0.9982982847113189
human,1037,0.9983087456340246
human,1038,0.998319142250495
human,1039,0.9983294749560386
human,1040,0.9983397441435339
human,1041,0.9983499502034441
human,1042,0.998360093523832
human,1043,0.9983701744903755
human,1044,0.9983801934863812
human,1045,0.9983901508927991
human,1046,0.9984000470882382
human,1047,0.9984098824489794
human,1048,0.9984196573489905
human,1049,0.9984293721599408
human,1050,0.9984390272512147
human,1051,0.9984486229899259
human,1052,0.998458159740931
human,1053,0.9984676378668443
human,1054,0.9984770577280506
human,1055,0.9984864196827197
human,1056,0.998495724086819
human,1057,0.9985049712941284
human,1058,0.9985141616562524
human,1059,0.9985232955226345
human,1060,0.9985323732405698
human,1061,0.9985413951552189
human,1062,0.99855036160962
human,1063,0.9985592729447029
human,1064,0.9985681294993016
human,1065,0.998576931610167
human,1066,0.9985856796119803
human,1067,0.9985943738373649
human,1068,0.9986030146168996
human,1069,0.9986116022791314
human,1070,0.998620137150587
human,1071,0.9986286195557862
human,1072,0.9986370498172538
human,1073,0.998645428255532
human,1074,0.9986537551891926
human,1075,0.9986620309348492
human,1076,0.9986702558071686
human,1077,0.9986784301188835
human,1078,0.9986865541808042
human,1079,0.9986946283018304
human,1080,0.9987026527889626
human,1081,0.9987106279473146
human,1082,0.9987185540801241
human,1083,0.998726431488765
human,1084,0.9987342604727586
human,1085,0.9987420413297845
human,1086,0.9987497743556929
human,1087,0.9987574598445152
human,1088,0.9987650980884751
human,1089,0.9987726893780002
human,1090,0.9987802340017327
human,1091,0.9987877322465399
human,1092,0.9987951843975268
human,1093,0.9988025907380446
human,1094,0.9988099515497031
human,1095,0.9988172671123812
human,1096,0.9988245377042371
human,1097,0.9988317636017189
human,1098,0.9988389450795758
human,1099,0.9988460824108676
human,1100,0.9988531758669758
human,1101,0.9988602257176131
human,1102,0.998867232230835
human,1103,0.9988741956730487
human,1104,0.9988811163090238
human,1105,0.998887994401902
human,1106,0.9988948302132081
human,1107,0.9989016240028586
human,1108,0.9989083760291725
human,1109,0.9989150865488808
human,1110,0.9989217558171363
human,1111,0.998928384087523
human,1112,0.9989349716120669
human,1113,0.9989415186412438
human,1114,0.99894802542399
human,1115,0.9989544922077119
human,1116,0.9989609192382946
human,1117,0.9989673067601118
human,1118,0.9989736550160351
human,1119,0.9989799642474431
human,1120,0.9989862346942303
human,1121,0.9989924665948166
human,1122,0.9989986601861566
human,1123,0.9990048157037479
human,1124,0.9990109333816405
human,1125,0.9990170134524458
human,1126,0.999023056147345
human,1127,0.9990290616960984
human,1128,0.9990350303270539
human,1129,0.9990409622671552
human,1130,0.9990468577419519
human,1131,0.9990527169756058
human,1132,0.999058540190902
human,1133,0.9990643276092551
human,1134,0.9990700794507194
human,1135,0.9990757959339955
human,1136,0.9990814772764404
human,1137,0.9990871236940747
human,1138,0.9990927354015912
human,1139,0.9990983126123624
human,1140,0.9991038555384498
human,1141,0.9991093643906108
human,1142,0.9991148393783075
human,1143,0.9991202807097143
human,1144,0.9991256885917259
human,1145,0.9991310632299649
human,1146,0.9991364048287905
human,1147,0.9991417135913051
human,1148,0.9991469897193628
human,1149,0.9991522334135766
human,1150,0.9991574448733268
human,1151,0.9991626242967675
human,1152,0.9991677718808347
human,1153,0.9991728878212544
human,1154,0.9991779723125488
human,1155,0.9991830255480445
human,1156,0.9991880477198798
human,1157,0.9991930390190117
human,1158,0.9991979996352233
human,1159,0.9992029297571312
human,1160,0.9992078295721927
human,1161,0.9992126992667123
human,1162,0.9992175390258493
human,1163,0.9992223490336254
human,1164,0.99922712947293
human,1165,0.9992318805255291
human,1166,0.9992366023720709
human,1167,0.9992412951920936
human,1168,0.9992459591640311
human,1169,0.9992505944652208
human,1170,0.9992552012719097
human,1171,0.9992597797592617
human,1172,0.9992643301013635
human,1173,0.9992688524712323
human,1174,0.9992733470408208
human,1175,0.9992778139810257
human,1176,0.9992822534616921
human,1177,0.9992866656516215
human,1178,0.999291050718578
human,1179,0.9992954088292941
human,1180,0.9992997401494772
human,1181,0.9993040448438165
human,1182,0.9993083230759885
human,1183,0.9993125750086634
human,1184,0.9993168008035117
human,1185,0.9993210006212102
human,1186,0.9993251746214475
human,1187,0.9993293229629309
human,1188,0.9993334458033919
human,1189,0.9993375432995925
human,1190,0.9993416156073311
human,1191,0.9993456628814481
human,1192,0.9993496852758322
human,1193,0.9993536829434263
human,1194,0.9993576560362328
human,1195,0.99936160470532
human,1196,0.9993655291008272
human,1197,0.9993694293719712
human,1198,0.9993733056670507
human,1199,0.9993771581334537
human,1200,0.9993809869176616
human,1201,0.9993847921652558
human,1202,0.9993885740209223
human,1203,0.9993923326284578
human,1204,0.9993960681307753
human,1205,0.999399780669909
human,1206,0.9994034703870198
human,1207,0.9994071374224015
human,1208,0.9994107819154848
human,1209,0.9994144040048437
human,1210,0.9994180038282001
human,1211,0.9994215815224293
human,1212,0.9994251372235655
human,1213,0.9994286710668064
human,1214,0.9994321831865184
human,1215,0.9994356737162424
human,1216,0.9994391427886979
human,1217,0.999442590535789
human,1218,0.9994460170886087
human,1219,0.9994494225774438
human,1220,0.999452807131781
human,1221,0.9994561708803102
human,1222,0.9994595139509309
human,1223,0.9994628364707557
human,1224,0.9994661385661162
human,1225,0.9994694203625675
human,1226,0.9994726819848926
human,1227,0.9994759235571075
human,1228,0.9994791452024658
human,1229,0.9994823470434637
human,1230,0.9994855292018441
human,1231,0.9994886917986016
human,1232,0.9994918349539866
human,1233,0.9994949587875113
human,1234,0.9994980634179521
human,1235,0.9995011489633563
human,1236,0.9995042155410444
human,1237,0.9995072632676167
human,1238,0.9995102922589564
human,1239,0.9995133026302337
human,1240,0.999516294495912
human,1241,0.9995192679697499
human,1242,0.9995222231648074
human,1243,0.9995251601934497
human,1244,0.9995280791673503
human,1245,0.9995309801974971
human,1246,0.9995338633941951
human,1247,0.9995367288670719
human,1248,0.9995395767250805
human,1249,0.9995424070765047
human,1250,0.9995452200289622
human,1251,0.9995480156894094
human,1252,0.9995507941641454
human,1253,0.9995535555588153
human,1254,0.9995562999784151
human,1255,0.9995590275272955
human,1256,0.9995617383091654
human,1257,0.9995644324270965
human,1258,0.9995671099835266
human,1259,0.9995697710802639
human,1260,0.9995724158184908
human,1261,0.9995750442987676
human,1262,0.9995776566210366
human,1263,0.9995802528846255
human,1264,0.9995828331882515
human,1265,0.9995853976300252
human,1266,0.9995879463074536
human,1267,0.9995904793174448
human,1268,0.9995929967563109
human,1269,0.9995954987197717
human,1270,0.9995979853029593
human,1271,0.9996004566004203
human,1272,0.9996029127061205
human,1273,0.9996053537134477
human,1274,0.9996077797152161
human,1275,0.999610190803669
human,1276,0.9996125870704827
human,1277,0.9996149686067702
human,1278,0.9996173355030841
human,1279,0.9996196878494203
human,1280,0.9996220257352217
human,1281,0.9996243492493811
human,1282,0.9996266584802452
human,1283,0.9996289535156174
human,1284,0.9996312344427616
human,1285,0.9996335013484047
human,1286,0.9996357543187409
human,1287,0.9996379934394346
human,1288,0.9996402187956233
human,1289,0.9996424304719213
human,1290,0.9996446285524228
human,1291,0.9996468131207049
human,1292,0.9996489842598311
human,1293,0.9996511420523542
human,1294,0.9996532865803195
human,1295,0.999655417925268
human,1296,0.9996575361682394
human,1297,0.9996596413897754
human,1298,0.999661733669922
human,1299,0.999663813088234
human,1300,0.9996658797237764
human,1301,0.9996679336551285
human,1302,0.9996699749603867
human,1303,0.9996720037171672
human,1304,0.999674020002609
human,1305,0.9996760238933766
human,1306,0.9996780154656639
human,1307,0.9996799947951962
human,1308,0.9996819619572327
human,1309,0.9996839170265708
human,1310,0.9996858600775475
human,1311,0.999687791184043
human,1312,0.9996897104194836
human,1313,0.999691617856844
human,1314,0.99969351356865
human,1315,0.9996953976269822
human,1316,0.9996972701034776
human,1317,0.9996991310693332
human,1318,0.9997009805953081
human,1319,0.9997028187517264
human,1320,0.99970464560848
human,1321,0.999706461235031
human,1322,0.9997082657004149
human,1323,0.9997100590732422
human,1324,0.9997118414217022
human,1325,0.9997136128135647
human,1326,0.999715373316183
human,1327,0.9997171229964962
human,1328,0.9997188619210322
human,1329,0.9997205901559099
human,1330,0.9997223077668415
human,1331,0.9997240148191353
human,1332,0.9997257113776984
human,1333,0.9997273975070387
human,1334,0.9997290732712674
human,1335,0.9997307387341019
human,1336,0.9997323939588677
human,1337,0.9997340390085011
human,1338,0.9997356739455515
human,1339,0.9997372988321838
human,1340,0.9997389137301808
human,1341,0.9997405187009454
human,1342,0.9997421138055033
human,1343,0.9997436991045044
human,1344,0.9997452746582265
human,1345,0.9997468405265767
human,1346,0.9997483967690933
human,1347,0.9997499434449495
human,1348,0.9997514806129539
human,1349,0.9997530083315541
human,1350,0.9997545266588381
human,1351,0.9997560356525372
human,1352,0.9997575353700275
human,1353,0.9997590258683322
human,1354,0.9997605072041246
human,1355,0.999761979433729
human,1356,0.9997634426131237
human,1357,0.9997648967979431
human,1358,0.9997663420434791
human,1359,0.9997677784046842
human,1360,0.9997692059361727
human,1361,0.9997706246922237
human,1362,0.9997720347267819
human,1363,0.9997734360934608
human,1364,0.9997748288455446
human,1365,0.9997762130359894
human,1366,0.9997775887174261
human,1367,0.9997789559421619
human,1368,0.9997803147621825
human,1369,0.999781665229154
human,1370,0.9997830073944252
human,1371,0.9997843413090288
human,1372,0.9997856670236839
human,1373,0.999786984588798
human,1374,0.9997882940544687
human,1375,0.9997895954704854
human,1376,0.9997908888863315
human,1377,0.9997921743511866
human,1378,0.9997934519139275
human,1379,0.9997947216231309
human,1380,0.9997959835270743
human,1381,0.9997972376737392
human,1382,0.9997984841108118
human,1383,0.999799722885685
human,1384,0.9998009540454603
human,1385,0.9998021776369501
human,1386,0.9998033937066787
human,1387,0.9998046023008846
human,1388,0.9998058034655218
human,1389,0.999806997246262
human,1390,0.9998081836884961
human,1391,0.9998093628373359
human,1392,0.9998105347376162
human,1393,0.9998116994338955
human,1394,0.999812856970459
human,1395,0.9998140073913195
human,1396,0.9998151507402194
human,1397,0.999816287060632
human,1398,0.9998174163957632
human,1399,0.9998185387885534
human,1400,0.9998196542816796
human,1401,0.9998207629175556
human,1402,0.9998218647383348
human,1403,0.9998229597859116
human,1404,0.9998240481019229
human,1405,0.9998251297277495
human,1406,0.9998262047045179
human,1407,0.9998272730731015
human,1408,0.9998283348741228
human,1409,0.9998293901479544
human,1410,0.9998304389347207
human,1411,0.9998314812742999
human,1412,0.9998325172063243
human,1413,0.999833546770183
human,1414,0.999834570005023
human,1415,0.9998355869497506
human,1416,0.9998365976430329
human,1417,0.9998376021232991
human,1418,0.9998386004287425
human,1419,0.9998395925973214
human,1420,0.9998405786667609
human,1421,0.9998415586745542
human,1422,0.9998425326579636
human,1423,0.999843500654023
human,1424,0.9998444626995382
human,1425,0.999845418831089
human,1426,0.9998463690850302
human,1427,0.999847313497493
human,1428,0.9998482521043867
human,1429,0.9998491849413995
human,1430,0.9998501120440009
human,1431,0.9998510334474416
human,1432,0.9998519491867562
human,1433,0.9998528592967636
human,1434,0.9998537638120686
human,1435,0.9998546627670636
human,1436,0.9998555561959291
human,1437,0.9998564441326363
human,1438,0.9998573266109464
human,1439,0.9998582036644142
human,1440,0.9998590753263876
human,1441,0.9998599416300095
human,1442,0.9998608026082192
human,1443,0.9998616582937535
human,1444,0.9998625087191482
human,1445,0.9998633539167386
human,1446,0.9998641939186619
human,1447,0.9998650287568567
human,1448,0.9998658584630663
human,1449,0.9998666830688383
human,1450,0.9998675026055267
human,1451,0.9998683171042925
human,1452,0.999869126596105
human,1453,0.9998699311117438
human,1454,0.9998707306817985
human,1455,0.9998715253366711
human,1456,0.9998723151065767
human,1457,0.9998731000215443
human,1458,0.9998738801114188
human,1459,0.9998746554058614
human,1460,0.999875425934351
